{
  "total_requests": 2893,
  "successful": 4,
  "errors": 2889,
  "mean_latency_ms": 2690.431975675544,
  "median_latency_ms": 18.74995231628418,
  "p95_latency_ms": 10015.300750732422,
  "p99_latency_ms": 10021.881103515625,
  "max_latency_ms": 10063.541889190674,
  "min_latency_ms": 12.193918228149414,
  "stddev_ms": 4403.771390775204,
  "sla_violations": 2893,
  "sla_violation_rate": 100.0,
  "output_file": "experiment-results-20251210-160811/scenario1-baseline.csv"
}