{
  "total_requests": 299,
  "successful": 299,
  "errors": 0,
  "mean_latency_ms": 473.2538213697963,
  "median_latency_ms": 477.9233932495117,
  "p95_latency_ms": 502.82139778137207,
  "p99_latency_ms": 523.9399909973145,
  "max_latency_ms": 527.9654502868652,
  "min_latency_ms": 138.80457878112793,
  "stddev_ms": 42.632962189897285,
  "sla_violations": 24,
  "sla_violation_rate": 8.02675585284281,
  "output_file": "experiment-scenario1-20251210-172942/scenario1-baseline.csv"
}