{
  "scenario1-baseline.csv": {
    "total_requests": 299,
    "successful": 299,
    "errors": 0,
    "mean_latency": 473.2541137123746,
    "median_latency": 477.92,
    "p50_latency": 477.92,
    "p95_latency": 502.73900000000003,
    "p99_latency": 520.2062,
    "max_latency": 527.97,
    "min_latency": 138.8,
    "stddev": 42.6331486273257,
    "sla_violations": 24,
    "sla_violation_rate": 8.02675585284281
  },
  "scenario2-no-drcio.csv": {
    "total_requests": 1570,
    "successful": 870,
    "errors": 700,
    "mean_latency": 1191.3183757961783,
    "median_latency": 1331.59,
    "p50_latency": 1331.59,
    "p95_latency": 2003.6555,
    "p99_latency": 5142.037099999992,
    "max_latency": 20920.83,
    "min_latency": 0.23,
    "stddev": 1922.8841242074625,
    "sla_violations": 1567,
    "sla_violation_rate": 99.80891719745223
  },
  "scenario3-with-drcio.csv": {
    "total_requests": 985,
    "successful": 921,
    "errors": 64,
    "mean_latency": 474.3631472081218,
    "median_latency": 475.03,
    "p50_latency": 475.03,
    "p95_latency": 667.48,
    "p99_latency": 667.9504,
    "max_latency": 677.55,
    "min_latency": 170.01,
    "stddev": 82.05289740530398,
    "sla_violations": 241,
    "sla_violation_rate": 24.467005076142133
  }
}